antecedents,consequents,antecedent support,consequent support,support,confidence,lift,representativity,leverage,conviction,zhangs_metric,jaccard,certainty,kulczynski
frozenset({'Product_10'}),frozenset({'Product_1'}),0.0975,0.0925,0.011666666666666667,0.11965811965811966,1.2936012936012937,1.0,0.0026479166666666665,1.0308495145631067,0.25148397309062126,0.06542056074766354,0.02992630265357539,0.1228921228921229
frozenset({'Product_1'}),frozenset({'Product_10'}),0.0925,0.0975,0.011666666666666667,0.12612612612612614,1.2936012936012937,1.0,0.0026479166666666665,1.0327577319587629,0.2500983864620228,0.06542056074766354,0.031718699308727026,0.1228921228921229
frozenset({'Product_1'}),frozenset({'Product_11'}),0.0925,0.10833333333333334,0.010833333333333334,0.11711711711711713,1.0810810810810811,1.0,0.0008125000000000007,1.0099489795918366,0.08264462809917363,0.05701754385964913,0.009850972467794906,0.10855855855855856
frozenset({'Product_11'}),frozenset({'Product_1'}),0.10833333333333334,0.0925,0.010833333333333334,0.1,1.0810810810810811,1.0,0.0008125000000000007,1.0083333333333333,0.08411214953271036,0.05701754385964913,0.008264462809917363,0.10855855855855856
frozenset({'Product_1'}),frozenset({'Product_12'}),0.0925,0.10666666666666667,0.0125,0.13513513513513514,1.2668918918918919,1.0,0.002633333333333333,1.0329166666666665,0.23213957759412301,0.06696428571428573,0.0318676885841065,0.12616131756756757
frozenset({'Product_12'}),frozenset({'Product_1'}),0.10666666666666667,0.0925,0.0125,0.1171875,1.2668918918918919,1.0,0.002633333333333333,1.0279646017699116,0.23582089552238802,0.06696428571428573,0.027203856749311296,0.12616131756756757
frozenset({'Product_1'}),frozenset({'Product_13'}),0.0925,0.10333333333333333,0.01,0.10810810810810811,1.046207497820401,1.0,0.0004416666666666666,1.0053535353535354,0.048668503213957756,0.053811659192825115,0.005325027629860351,0.1024411508282476
frozenset({'Product_13'}),frozenset({'Product_1'}),0.10333333333333333,0.0925,0.01,0.0967741935483871,1.046207497820401,1.0,0.0004416666666666666,1.004732142857143,0.049256505576208164,0.053811659192825115,0.004709855149737846,0.1024411508282476
frozenset({'Product_1'}),frozenset({'Product_15'}),0.0925,0.11166666666666666,0.016666666666666666,0.18018018018018017,1.6135538523598225,1.0,0.006337499999999999,1.0835714285714284,0.41900826446280987,0.08888888888888889,0.07712590639419907,0.1647169557617319
frozenset({'Product_15'}),frozenset({'Product_1'}),0.11166666666666666,0.0925,0.016666666666666666,0.1492537313432836,1.6135538523598227,1.0,0.006337499999999999,1.0667105263157894,0.42804878048780487,0.08888888888888889,0.06253854693474777,0.1647169557617319
frozenset({'Product_1'}),frozenset({'Product_25'}),0.0925,0.10166666666666667,0.014166666666666666,0.15315315315315314,1.5064244572441292,1.0,0.004762499999999999,1.0607978723404254,0.3704423918327661,0.0787037037037037,0.05731334302762873,0.14624870772411755
frozenset({'Product_25'}),frozenset({'Product_1'}),0.10166666666666667,0.0925,0.014166666666666666,0.13934426229508196,1.5064244572441292,1.0,0.004762499999999999,1.0544285714285715,0.3742224162392229,0.0787037037037037,0.05161902181276249,0.14624870772411755
frozenset({'Product_1'}),frozenset({'Product_27'}),0.0925,0.105,0.0125,0.13513513513513514,1.287001287001287,1.0,0.0027875000000000018,1.03484375,0.24573002754820952,0.06756756756756757,0.03367054205043033,0.1270913770913771
frozenset({'Product_27'}),frozenset({'Product_1'}),0.105,0.0925,0.0125,0.11904761904761905,1.287001287001287,1.0,0.0027875000000000018,1.030135135135135,0.24916201117318448,0.06756756756756757,0.02925357470812017,0.1270913770913771
frozenset({'Product_1'}),frozenset({'Product_28'}),0.0925,0.0875,0.011666666666666667,0.12612612612612614,1.4414414414414418,1.0,0.003572916666666667,1.0442010309278351,0.33746556473829203,0.06930693069306931,0.04233000123411085,0.12972972972972974
frozenset({'Product_28'}),frozenset({'Product_1'}),0.0875,0.0925,0.011666666666666667,0.13333333333333336,1.4414414414414418,1.0,0.003572916666666667,1.0471153846153844,0.3356164383561644,0.06930693069306931,0.0449954086317723,0.12972972972972974
frozenset({'Product_1'}),frozenset({'Product_8'}),0.0925,0.10916666666666666,0.018333333333333333,0.1981981981981982,1.8155560140292966,1.0,0.008235416666666667,1.1110393258426967,0.4949912346606562,0.1,0.09994185017571361,0.18306856474795408
frozenset({'Product_8'}),frozenset({'Product_1'}),0.10916666666666666,0.0925,0.018333333333333333,0.16793893129770993,1.8155560140292966,1.0,0.008235416666666667,1.090665137614679,0.5042520622501914,0.1,0.08312829895064455,0.18306856474795408
frozenset({'Product_10'}),frozenset({'Product_13'}),0.0975,0.10333333333333333,0.014166666666666666,0.14529914529914528,1.4061207609594706,1.0,0.004091666666666665,1.0491,0.3200260713703763,0.07589285714285714,0.046802020779715924,0.14119795974634683
frozenset({'Product_13'}),frozenset({'Product_10'}),0.10333333333333333,0.0975,0.014166666666666666,0.13709677419354838,1.4061207609594706,1.0,0.004091666666666665,1.0458878504672897,0.32210802536628025,0.07589285714285714,0.04387454204271288,0.14119795974634683
frozenset({'Product_10'}),frozenset({'Product_14'}),0.0975,0.10166666666666667,0.011666666666666667,0.11965811965811966,1.1769651113913409,1.0,0.001754166666666666,1.0204368932038834,0.16660071230708343,0.06222222222222223,0.02002759145616289,0.1172061090093877
frozenset({'Product_14'}),frozenset({'Product_10'}),0.10166666666666667,0.0975,0.011666666666666667,0.11475409836065574,1.1769651113913409,1.0,0.001754166666666666,1.0194907407407408,0.16737344288364692,0.06222222222222223,0.01911811452704237,0.1172061090093877
frozenset({'Product_10'}),frozenset({'Product_16'}),0.0975,0.095,0.013333333333333334,0.13675213675213677,1.4394961763382816,1.0,0.004070833333333334,1.0483663366336633,0.33829639889196683,0.07441860465116279,0.04613495773716769,0.13855150697255963
frozenset({'Product_16'}),frozenset({'Product_10'}),0.095,0.0975,0.013333333333333334,0.14035087719298248,1.4394961763382819,1.0,0.004070833333333334,1.04984693877551,0.3373618784530387,0.07441860465116279,0.04748019633571465,0.13855150697255963
frozenset({'Product_10'}),frozenset({'Product_18'}),0.0975,0.1025,0.011666666666666667,0.11965811965811966,1.167396289347509,1.0,0.001672916666666668,1.019490291262136,0.15888405223585292,0.061946902654867256,0.019117682070328323,0.1167396289347509
frozenset({'Product_18'}),frozenset({'Product_10'}),0.1025,0.0975,0.011666666666666667,0.11382113821138212,1.167396289347509,1.0,0.001672916666666668,1.0184174311926604,0.15976920015917243,0.061946902654867256,0.018084363669121462,0.1167396289347509
frozenset({'Product_10'}),frozenset({'Product_20'}),0.0975,0.10666666666666667,0.011666666666666667,0.11965811965811966,1.1217948717948718,1.0,0.001266666666666666,1.014757281553398,0.12030075187969917,0.06060606060606061,0.014542671259089169,0.11451655982905984
frozenset({'Product_20'}),frozenset({'Product_10'}),0.10666666666666667,0.0975,0.011666666666666667,0.109375,1.1217948717948718,1.0,0.001266666666666666,1.0133333333333332,0.12153518123667371,0.06060606060606061,0.013157894736842103,0.11451655982905984
frozenset({'Product_10'}),frozenset({'Product_28'}),0.0975,0.0875,0.010833333333333334,0.1111111111111111,1.2698412698412698,1.0,0.002302083333333335,1.0265625,0.2354570637119115,0.06220095693779905,0.0258751902587519,0.11746031746031746
frozenset({'Product_28'}),frozenset({'Product_10'}),0.0875,0.0975,0.010833333333333334,0.12380952380952383,1.26984126984127,1.0,0.002302083333333335,1.0300271739130435,0.23287671232876725,0.06220095693779905,0.02915182693576047,0.11746031746031746
frozenset({'Product_10'}),frozenset({'Product_3'}),0.0975,0.10166666666666667,0.0125,0.12820512820512822,1.2610340479192939,1.0,0.0025874999999999995,1.0304411764705883,0.22936288088642656,0.06696428571428573,0.029541886684743845,0.12557797393862968
frozenset({'Product_3'}),frozenset({'Product_10'}),0.10166666666666667,0.0975,0.0125,0.12295081967213115,1.2610340479192939,1.0,0.0025874999999999995,1.0290186915887851,0.2304267161410018,0.06696428571428573,0.028200354207347525,0.12557797393862968
frozenset({'Product_10'}),frozenset({'Product_5'}),0.0975,0.09166666666666666,0.01,0.10256410256410256,1.118881118881119,1.0,0.001062500000000001,1.012142857142857,0.11772853185595578,0.0558139534883721,0.011997177134791818,0.10582750582750583
frozenset({'Product_5'}),frozenset({'Product_10'}),0.09166666666666666,0.0975,0.01,0.1090909090909091,1.118881118881119,1.0,0.001062500000000001,1.0130102040816327,0.11697247706422029,0.0558139534883721,0.012843112566104263,0.10582750582750583
frozenset({'Product_10'}),frozenset({'Product_8'}),0.0975,0.10916666666666666,0.0125,0.12820512820512822,1.1743981209630066,1.0,0.0018562500000000003,1.0218382352941178,0.16454293628808866,0.06437768240343349,0.02137151903288482,0.12135447249951067
frozenset({'Product_8'}),frozenset({'Product_10'}),0.10916666666666666,0.0975,0.0125,0.11450381679389314,1.1743981209630066,1.0,0.0018562500000000003,1.0192025862068965,0.1666978484565014,0.06437768240343349,0.01884079423146054,0.12135447249951067
frozenset({'Product_11'}),frozenset({'Product_12'}),0.10833333333333334,0.10666666666666667,0.015,0.13846153846153844,1.298076923076923,1.0,0.0034444444444444427,1.0369047619047618,0.25752855659397705,0.075,0.035591274397244514,0.1395432692307692
frozenset({'Product_12'}),frozenset({'Product_11'}),0.10666666666666667,0.10833333333333334,0.015,0.14062499999999997,1.2980769230769227,1.0,0.0034444444444444427,1.0375757575757576,0.2570480928689883,0.075,0.03621495327102801,0.1395432692307692
frozenset({'Product_18'}),frozenset({'Product_11'}),0.1025,0.10833333333333334,0.014166666666666666,0.13821138211382114,1.275797373358349,1.0,0.0030624999999999993,1.0346698113207546,0.2408651482877273,0.07203389830508475,0.0335080920902667,0.13449030644152593
frozenset({'Product_11'}),frozenset({'Product_18'}),0.10833333333333334,0.1025,0.014166666666666666,0.13076923076923075,1.2757973733583488,1.0,0.0030624999999999993,1.0325221238938052,0.24244090159428255,0.07203389830508475,0.03149775016070279,0.13449030644152593
frozenset({'Product_11'}),frozenset({'Product_25'}),0.10833333333333334,0.10166666666666667,0.0125,0.11538461538461539,1.1349306431273645,1.0,0.0014861111111111117,1.0155072463768116,0.1333333333333334,0.06329113924050633,0.015270443841872419,0.11916771752837327
frozenset({'Product_25'}),frozenset({'Product_11'}),0.10166666666666667,0.10833333333333334,0.0125,0.12295081967213115,1.1349306431273645,1.0,0.0014861111111111117,1.0166666666666666,0.13234384662956097,0.06329113924050633,0.016393442622950814,0.11916771752837327
frozenset({'Product_11'}),frozenset({'Product_28'}),0.10833333333333334,0.0875,0.011666666666666667,0.1076923076923077,1.2307692307692308,1.0,0.0021875,1.0226293103448276,0.21028037383177572,0.06334841628959276,0.022128556375131732,0.12051282051282053
frozenset({'Product_28'}),frozenset({'Product_11'}),0.0875,0.10833333333333334,0.011666666666666667,0.13333333333333336,1.230769230769231,1.0,0.0021875,1.0288461538461537,0.20547945205479454,0.06334841628959276,0.02803738317757012,0.12051282051282053
frozenset({'Product_11'}),frozenset({'Product_4'}),0.10833333333333334,0.105,0.011666666666666667,0.1076923076923077,1.0256410256410258,1.0,0.0002916666666666675,1.0030172413793104,0.028037383177570173,0.05785123966942149,0.0030081650193382148,0.1094017094017094
frozenset({'Product_4'}),frozenset({'Product_11'}),0.105,0.10833333333333334,0.011666666666666667,0.11111111111111112,1.0256410256410258,1.0,0.0002916666666666675,1.003125,0.027932960893854827,0.05785123966942149,0.003115264797507793,0.1094017094017094
frozenset({'Product_11'}),frozenset({'Product_8'}),0.10833333333333334,0.10916666666666666,0.0125,0.11538461538461539,1.0569583088667058,1.0,0.0006736111111111127,1.0070289855072465,0.06043613707165123,0.06097560975609757,0.006979923724544878,0.11494421608925426
frozenset({'Product_8'}),frozenset({'Product_11'}),0.10916666666666666,0.10833333333333334,0.0125,0.11450381679389314,1.0569583088667058,1.0,0.0006736111111111127,1.0069683908045977,0.06049267227938897,0.06097560975609757,0.006920168366982957,0.11494421608925426
frozenset({'Product_9'}),frozenset({'Product_11'}),0.09833333333333333,0.10833333333333334,0.0125,0.12711864406779663,1.1734028683181228,1.0,0.0018472222222222223,1.0215210355987054,0.16389402341343193,0.06437768240343349,0.021067638206874725,0.12125162972620601
frozenset({'Product_11'}),frozenset({'Product_9'}),0.10833333333333334,0.09833333333333333,0.0125,0.11538461538461539,1.1734028683181226,1.0,0.0018472222222222223,1.0192753623188406,0.16573208722741434,0.06437768240343349,0.018910848855396005,0.12125162972620601
frozenset({'Product_21'}),frozenset({'Product_12'}),0.0925,0.10666666666666667,0.010833333333333334,0.11711711711711713,1.097972972972973,1.0,0.000966666666666666,1.0118367346938775,0.09832591650773463,0.057522123893805316,0.011698265429608718,0.10933980855855857
frozenset({'Product_12'}),frozenset({'Product_21'}),0.10666666666666667,0.0925,0.010833333333333334,0.1015625,1.097972972972973,1.0,0.000966666666666666,1.0100869565217392,0.09988518943742818,0.057522123893805316,0.009986225895316806,0.10933980855855857
frozenset({'Product_22'}),frozenset({'Product_12'}),0.0975,0.10666666666666667,0.011666666666666667,0.11965811965811966,1.1217948717948718,1.0,0.001266666666666666,1.014757281553398,0.12030075187969917,0.06060606060606061,0.014542671259089169,0.11451655982905984
frozenset({'Product_12'}),frozenset({'Product_22'}),0.10666666666666667,0.0975,0.011666666666666667,0.109375,1.1217948717948718,1.0,0.001266666666666666,1.0133333333333332,0.12153518123667371,0.06060606060606061,0.013157894736842103,0.11451655982905984
frozenset({'Product_27'}),frozenset({'Product_12'}),0.105,0.10666666666666667,0.015833333333333335,0.1507936507936508,1.4136904761904763,1.0,0.004633333333333335,1.0519626168224299,0.32696265804175245,0.08085106382978724,0.04939587775408672,0.1496155753968254
frozenset({'Product_12'}),frozenset({'Product_27'}),0.10666666666666667,0.105,0.015833333333333335,0.1484375,1.4136904761904763,1.0,0.004633333333333335,1.0510091743119265,0.32757266300078564,0.08085106382978724,0.04853351955307263,0.1496155753968254
frozenset({'Product_3'}),frozenset({'Product_12'}),0.10166666666666667,0.10666666666666667,0.011666666666666667,0.11475409836065574,1.0758196721311475,1.0,0.0008222222222222225,1.0091358024691357,0.07845216008481316,0.05932203389830508,0.009053095179838508,0.11206454918032788
frozenset({'Product_12'}),frozenset({'Product_3'}),0.10666666666666667,0.10166666666666667,0.011666666666666667,0.109375,1.0758196721311475,1.0,0.0008222222222222225,1.008654970760234,0.07889125799573564,0.05932203389830508,0.008580705009276435,0.11206454918032788
frozenset({'Product_30'}),frozenset({'Product_12'}),0.08833333333333333,0.10666666666666667,0.014166666666666666,0.16037735849056603,1.5035377358490565,1.0,0.0047444444444444435,1.0639700374531835,0.3673513280997956,0.07834101382488479,0.0601239087580963,0.146594929245283
frozenset({'Product_12'}),frozenset({'Product_30'}),0.10666666666666667,0.08833333333333333,0.014166666666666666,0.13281249999999997,1.5035377358490563,1.0,0.0047444444444444435,1.0512912912912913,0.37489025460930636,0.07834101382488479,0.04878884826325409,0.146594929245283
frozenset({'Product_6'}),frozenset({'Product_12'}),0.10333333333333333,0.10666666666666667,0.013333333333333334,0.12903225806451613,1.2096774193548385,1.0,0.002311111111111111,1.025679012345679,0.19330855018587356,0.06779661016949153,0.025036109773712074,0.12701612903225806
frozenset({'Product_12'}),frozenset({'Product_6'}),0.10666666666666667,0.10333333333333333,0.013333333333333334,0.125,1.2096774193548387,1.0,0.002311111111111111,1.0247619047619048,0.19402985074626863,0.06779661016949153,0.0241635687732342,0.12701612903225806
frozenset({'Product_12'}),frozenset({'Product_8'}),0.10666666666666667,0.10916666666666666,0.015833333333333335,0.1484375,1.359732824427481,1.0,0.0041888888888888896,1.0461162079510704,0.29615082482325217,0.07916666666666668,0.04408325537885875,0.14673783396946566
frozenset({'Product_8'}),frozenset({'Product_12'}),0.10916666666666666,0.10666666666666667,0.015833333333333335,0.14503816793893132,1.3597328244274811,1.0,0.0041888888888888896,1.0448809523809524,0.29698193097336417,0.07916666666666668,0.04295317306596789,0.14673783396946566
frozenset({'Product_9'}),frozenset({'Product_12'}),0.09833333333333333,0.10666666666666667,0.011666666666666667,0.11864406779661019,1.1122881355932204,1.0,0.0011777777777777776,1.0135897435897436,0.11196197517824134,0.06034482758620689,0.013407538578294978,0.1140095338983051
frozenset({'Product_12'}),frozenset({'Product_9'}),0.10666666666666667,0.09833333333333333,0.011666666666666667,0.109375,1.1122881355932204,1.0,0.0011777777777777776,1.0123976608187133,0.11300639658848613,0.06034482758620689,0.012245841035120154,0.1140095338983051
frozenset({'Product_13'}),frozenset({'Product_14'}),0.10333333333333333,0.10166666666666667,0.010833333333333334,0.10483870967741936,1.0312004230565839,1.0,0.00032777777777777753,1.0035435435435436,0.033743208464398024,0.05579399141630901,0.003531031180800768,0.10569804336329985
frozenset({'Product_14'}),frozenset({'Product_13'}),0.10166666666666667,0.10333333333333333,0.010833333333333334,0.10655737704918034,1.0312004230565839,1.0,0.00032777777777777753,1.0036085626911315,0.03368060510917651,0.05579399141630901,0.0035955877871899655,0.10569804336329985
frozenset({'Product_13'}),frozenset({'Product_15'}),0.10333333333333333,0.11166666666666666,0.011666666666666667,0.11290322580645162,1.0110736639383728,1.0,0.00012777777777777874,1.0013939393939393,0.012214551248008588,0.05737704918032787,0.0013919990316528625,0.10869041887337508
frozenset({'Product_15'}),frozenset({'Product_13'}),0.11166666666666666,0.10333333333333333,0.011666666666666667,0.10447761194029852,1.0110736639383728,1.0,0.00012777777777777874,1.0012777777777777,0.012329134280353884,0.05737704918032787,0.0012761471453143327,0.10869041887337508
frozenset({'Product_16'}),frozenset({'Product_13'}),0.095,0.10333333333333333,0.0125,0.13157894736842105,1.2733446519524618,1.0,0.0026833333333333344,1.0325252525252526,0.23720073664825053,0.0672645739910314,0.03150068479749559,0.12627334465195245
frozenset({'Product_13'}),frozenset({'Product_16'}),0.10333333333333333,0.095,0.0125,0.12096774193548387,1.2733446519524618,1.0,0.0026833333333333344,1.0295412844036698,0.23940520446096664,0.0672645739910314,0.028693637497772234,0.12627334465195245
frozenset({'Product_13'}),frozenset({'Product_17'}),0.10333333333333333,0.0925,0.010833333333333334,0.10483870967741936,1.1333914559721012,1.0,0.001275,1.0137837837837838,0.13125536173863311,0.058558558558558564,0.013596374300186623,0.11097791339726824
frozenset({'Product_17'}),frozenset({'Product_13'}),0.0925,0.10333333333333333,0.010833333333333334,0.11711711711711713,1.1333914559721012,1.0,0.001275,1.0156122448979592,0.12968849332485696,0.058558558558558564,0.01537224957299308,0.11097791339726824
frozenset({'Product_13'}),frozenset({'Product_19'}),0.10333333333333333,0.08916666666666667,0.010833333333333334,0.10483870967741936,1.175761230027133,1.0,0.0016194444444444442,1.0175075075075075,0.16671432656562762,0.05963302752293578,0.017206268630286573,0.11316701839011155
frozenset({'Product_19'}),frozenset({'Product_13'}),0.08916666666666667,0.10333333333333333,0.010833333333333334,0.12149532710280374,1.175761230027133,1.0,0.0016194444444444442,1.0206737588652484,0.16412133155042574,0.05963302752293578,0.020255011638814577,0.11316701839011155
frozenset({'Product_22'}),frozenset({'Product_13'}),0.0975,0.10333333333333333,0.0125,0.12820512820512822,1.240694789081886,1.0,0.002425,1.028529411764706,0.21495844875346262,0.06637168141592921,0.027738061195310283,0.12458643507030605
frozenset({'Product_13'}),frozenset({'Product_22'}),0.10333333333333333,0.0975,0.0125,0.12096774193548387,1.2406947890818858,1.0,0.002425,1.026697247706422,0.21635687732342007,0.06637168141592921,0.0260030381556608,0.12458643507030605
frozenset({'Product_13'}),frozenset({'Product_23'}),0.10333333333333333,0.08583333333333333,0.01,0.0967741935483871,1.127466332602568,1.0,0.0011305555555555565,1.0121130952380952,0.12608426270136316,0.0558139534883721,0.011968124209721527,0.10663952395865957
frozenset({'Product_23'}),frozenset({'Product_13'}),0.08583333333333333,0.10333333333333333,0.01,0.11650485436893204,1.1274663326025682,1.0,0.0011305555555555565,1.0149084249084248,0.12367061683378922,0.0558139534883721,0.01468942866423648,0.10663952395865957
frozenset({'Product_13'}),frozenset({'Product_25'}),0.10333333333333333,0.10166666666666667,0.010833333333333334,0.10483870967741936,1.0312004230565839,1.0,0.00032777777777777753,1.0035435435435436,0.033743208464398024,0.05579399141630901,0.003531031180800768,0.10569804336329985
frozenset({'Product_25'}),frozenset({'Product_13'}),0.10166666666666667,0.10333333333333333,0.010833333333333334,0.10655737704918034,1.0312004230565839,1.0,0.00032777777777777753,1.0036085626911315,0.03368060510917651,0.05579399141630901,0.0035955877871899655,0.10569804336329985
frozenset({'Product_13'}),frozenset({'Product_27'}),0.10333333333333333,0.105,0.011666666666666667,0.11290322580645162,1.0752688172043012,1.0,0.0008166666666666669,1.008909090909091,0.07806691449814128,0.05932203389830509,0.008830419895476678,0.11200716845878136
frozenset({'Product_27'}),frozenset({'Product_13'}),0.105,0.10333333333333333,0.011666666666666667,0.11111111111111112,1.0752688172043012,1.0,0.0008166666666666669,1.00875,0.07821229050279332,0.05932203389830509,0.008674101610904594,0.11200716845878136
frozenset({'Product_13'}),frozenset({'Product_28'}),0.10333333333333333,0.0875,0.011666666666666667,0.11290322580645162,1.2903225806451615,1.0,0.0026250000000000006,1.0286363636363636,0.2509293680297398,0.06511627906976744,0.027839151568714113,0.12311827956989249
frozenset({'Product_28'}),frozenset({'Product_13'}),0.0875,0.10333333333333333,0.011666666666666667,0.13333333333333336,1.2903225806451615,1.0,0.0026250000000000006,1.0346153846153847,0.24657534246575347,0.06511627906976744,0.033457249070631995,0.12311827956989249
frozenset({'Product_30'}),frozenset({'Product_13'}),0.08833333333333333,0.10333333333333333,0.010833333333333334,0.12264150943396226,1.1868533171028606,1.0,0.0017055555555555556,1.0220071684587815,0.1726901982843482,0.05990783410138249,0.021533281896612192,0.1137401095556908
frozenset({'Product_13'}),frozenset({'Product_30'}),0.10333333333333333,0.08833333333333333,0.010833333333333334,0.10483870967741936,1.1868533171028606,1.0,0.0017055555555555556,1.0184384384384384,0.1755790677723763,0.05990783410138249,0.018104617562068766,0.1137401095556908
frozenset({'Product_5'}),frozenset({'Product_13'}),0.09166666666666666,0.10333333333333333,0.01,0.1090909090909091,1.055718475073314,1.0,0.000527777777777778,1.0064625850340136,0.058103975535168224,0.05405405405405406,0.006421088205474833,0.1029325513196481
frozenset({'Product_13'}),frozenset({'Product_5'}),0.10333333333333333,0.09166666666666666,0.01,0.0967741935483871,1.0557184750733137,1.0,0.000527777777777778,1.005654761904762,0.058859975216852566,0.05405405405405406,0.00562296537437112,0.1029325513196481
frozenset({'Product_13'}),frozenset({'Product_6'}),0.10333333333333333,0.10333333333333333,0.013333333333333334,0.12903225806451613,1.2486992715920915,1.0,0.002655555555555557,1.0295061728395063,0.22211895910780677,0.06896551724137931,0.028660510852620214,0.12903225806451613
frozenset({'Product_6'}),frozenset({'Product_13'}),0.10333333333333333,0.10333333333333333,0.013333333333333334,0.12903225806451613,1.2486992715920915,1.0,0.002655555555555557,1.0295061728395063,0.22211895910780677,0.06896551724137931,0.028660510852620214,0.12903225806451613
frozenset({'Product_9'}),frozenset({'Product_13'}),0.09833333333333333,0.10333333333333333,0.013333333333333334,0.13559322033898308,1.3121924548933845,1.0,0.003172222222222224,1.0373202614379087,0.2638632162661739,0.07079646017699116,0.035977569151282245,0.1323127392017496
frozenset({'Product_13'}),frozenset({'Product_9'}),0.10333333333333333,0.09833333333333333,0.013333333333333334,0.12903225806451613,1.3121924548933843,1.0,0.003172222222222224,1.035246913580247,0.2653345724907064,0.07079646017699116,0.034046866614990165,0.1323127392017496
frozenset({'Product_16'}),frozenset({'Product_14'}),0.095,0.10166666666666667,0.0125,0.13157894736842105,1.2942191544434856,1.0,0.0028416666666666677,1.0344444444444443,0.2511970534069982,0.06787330316742082,0.03329752953813103,0.1272648835202761
frozenset({'Product_14'}),frozenset({'Product_16'}),0.10166666666666667,0.095,0.0125,0.12295081967213115,1.2942191544434858,1.0,0.0028416666666666677,1.0318691588785047,0.253061224489796,0.06787330316742082,0.030884883615614523,0.1272648835202761
frozenset({'Product_17'}),frozenset({'Product_14'}),0.0925,0.10166666666666667,0.014166666666666666,0.15315315315315314,1.5064244572441292,1.0,0.004762499999999999,1.0607978723404254,0.3704423918327661,0.0787037037037037,0.05731334302762873,0.14624870772411755
frozenset({'Product_14'}),frozenset({'Product_17'}),0.10166666666666667,0.0925,0.014166666666666666,0.13934426229508196,1.5064244572441292,1.0,0.004762499999999999,1.0544285714285715,0.3742224162392229,0.0787037037037037,0.05161902181276249,0.14624870772411755
frozenset({'Product_18'}),frozenset({'Product_14'}),0.1025,0.10166666666666667,0.0125,0.12195121951219513,1.1995201919232308,1.0,0.0020791666666666684,1.0231018518518518,0.1853296193129064,0.06521739130434784,0.022580207249196807,0.12245101959216315
frozenset({'Product_14'}),frozenset({'Product_18'}),0.10166666666666667,0.1025,0.0125,0.12295081967213115,1.1995201919232308,1.0,0.0020791666666666684,1.0233177570093457,0.18515769944341387,0.06521739130434784,0.022786428604045852,0.12245101959216315
frozenset({'Product_2'}),frozenset({'Product_14'}),0.095,0.10166666666666667,0.0125,0.13157894736842105,1.2942191544434856,1.0,0.0028416666666666677,1.0344444444444443,0.2511970534069982,0.06787330316742082,0.03329752953813103,0.1272648835202761
frozenset({'Product_14'}),frozenset({'Product_2'}),0.10166666666666667,0.095,0.0125,0.12295081967213115,1.2942191544434858,1.0,0.0028416666666666677,1.0318691588785047,0.253061224489796,0.06787330316742082,0.030884883615614523,0.1272648835202761
frozenset({'Product_14'}),frozenset({'Product_20'}),0.10166666666666667,0.10666666666666667,0.011666666666666667,0.11475409836065574,1.0758196721311475,1.0,0.0008222222222222225,1.0091358024691357,0.07845216008481316,0.05932203389830508,0.009053095179838508,0.11206454918032788
frozenset({'Product_20'}),frozenset({'Product_14'}),0.10666666666666667,0.10166666666666667,0.011666666666666667,0.109375,1.0758196721311475,1.0,0.0008222222222222225,1.008654970760234,0.07889125799573564,0.05932203389830508,0.008580705009276435,0.11206454918032788
frozenset({'Product_14'}),frozenset({'Product_25'}),0.10166666666666667,0.10166666666666667,0.010833333333333334,0.10655737704918034,1.0481053480247247,1.0,0.0004972222222222218,1.005474006116208,0.05109176537747962,0.05627705627705628,0.005444204507436363,0.10655737704918034
frozenset({'Product_25'}),frozenset({'Product_14'}),0.10166666666666667,0.10166666666666667,0.010833333333333334,0.10655737704918034,1.0481053480247247,1.0,0.0004972222222222218,1.005474006116208,0.05109176537747962,0.05627705627705628,0.005444204507436363,0.10655737704918034
frozenset({'Product_26'}),frozenset({'Product_14'}),0.10833333333333334,0.10166666666666667,0.011666666666666667,0.1076923076923077,1.059268600252207,1.0,0.0006527777777777782,1.0067528735632185,0.06275033377837119,0.0588235294117647,0.006707578136149569,0.11122320302648173
frozenset({'Product_14'}),frozenset({'Product_26'}),0.10166666666666667,0.10833333333333334,0.011666666666666667,0.11475409836065574,1.0592686002522067,1.0,0.0006527777777777782,1.007253086419753,0.06228465412138885,0.0588235294117647,0.007200857974567182,0.11122320302648173
frozenset({'Product_3'}),frozenset({'Product_14'}),0.10166666666666667,0.10166666666666667,0.010833333333333334,0.10655737704918034,1.0481053480247247,1.0,0.0004972222222222218,1.005474006116208,0.05109176537747962,0.05627705627705628,0.005444204507436363,0.10655737704918034
frozenset({'Product_14'}),frozenset({'Product_3'}),0.10166666666666667,0.10166666666666667,0.010833333333333334,0.10655737704918034,1.0481053480247247,1.0,0.0004972222222222218,1.005474006116208,0.05109176537747962,0.05627705627705628,0.005444204507436363,0.10655737704918034
frozenset({'Product_14'}),frozenset({'Product_4'}),0.10166666666666667,0.105,0.0125,0.12295081967213115,1.17096018735363,1.0,0.0018250000000000002,1.0204672897196263,0.16252319109461968,0.06437768240343349,0.020056781756571117,0.1209992193598751
frozenset({'Product_4'}),frozenset({'Product_14'}),0.105,0.10166666666666667,0.0125,0.11904761904761905,1.17096018735363,1.0,0.0018250000000000002,1.0197297297297296,0.16312849162011173,0.06437768240343349,0.01934799893983568,0.1209992193598751
frozenset({'Product_9'}),frozenset({'Product_14'}),0.09833333333333333,0.10166666666666667,0.013333333333333334,0.13559322033898308,1.3337038066129483,1.0,0.0033361111111111126,1.039248366013072,0.2774953789279114,0.07142857142857142,0.03776610798402569,0.1333703806612948
frozenset({'Product_14'}),frozenset({'Product_9'}),0.10166666666666667,0.09833333333333333,0.013333333333333334,0.13114754098360656,1.333703806612948,1.0,0.0033361111111111126,1.0377672955974842,0.27852504638218933,0.07142857142857142,0.03639283658070969,0.1333703806612948
frozenset({'Product_17'}),frozenset({'Product_15'}),0.0925,0.11166666666666666,0.010833333333333334,0.11711711711711713,1.0488100040338848,1.0,0.0005041666666666667,1.006173469387755,0.05128205128205128,0.05603448275862069,0.0061355915014451754,0.10706602124512574
frozenset({'Product_15'}),frozenset({'Product_17'}),0.11166666666666666,0.0925,0.010833333333333334,0.09701492537313433,1.0488100040338846,1.0,0.0005041666666666667,1.005,0.05238851205080098,0.05603448275862069,0.004975124378109457,0.10706602124512574
frozenset({'Product_18'}),frozenset({'Product_15'}),0.1025,0.11166666666666666,0.014166666666666666,0.13821138211382114,1.2377138696760102,1.0,0.002720833333333334,1.0308018867924529,0.2139931181386204,0.07083333333333333,0.029881480803551005,0.1325385268778061
frozenset({'Product_15'}),frozenset({'Product_18'}),0.11166666666666666,0.1025,0.014166666666666666,0.12686567164179105,1.2377138696760104,1.0,0.002720833333333334,1.027905982905983,0.21620130228451612,0.07083333333333333,0.027148380659377223,0.1325385268778061
frozenset({'Product_15'}),frozenset({'Product_19'}),0.11166666666666666,0.08916666666666667,0.013333333333333334,0.11940298507462688,1.3390988980331986,1.0,0.003376388888888889,1.0343361581920905,0.2850609756097561,0.07111111111111111,0.033196323961163995,0.13446784767750036
frozenset({'Product_19'}),frozenset({'Product_15'}),0.08916666666666667,0.11166666666666666,0.013333333333333334,0.14953271028037382,1.3390988980331984,1.0,0.003376388888888889,1.0445238095238094,0.27801921317474837,0.07111111111111111,0.04262594027809436,0.13446784767750036
frozenset({'Product_2'}),frozenset({'Product_15'}),0.095,0.11166666666666666,0.011666666666666667,0.12280701754385966,1.0997643362136686,1.0,0.0010583333333333347,1.0127,0.10023677979479097,0.05982905982905983,0.012540732694776352,0.11364231474207909
frozenset({'Product_15'}),frozenset({'Product_2'}),0.11166666666666666,0.095,0.011666666666666667,0.10447761194029852,1.0997643362136686,1.0,0.0010583333333333347,1.0105833333333334,0.10211739480032175,0.05982905982905983,0.010472499381545321,0.11364231474207909
frozenset({'Product_15'}),frozenset({'Product_20'}),0.11166666666666666,0.10666666666666667,0.014166666666666666,0.12686567164179105,1.189365671641791,1.0,0.002255555555555554,1.023133903133903,0.1792296655998233,0.06938775510204082,0.022610826464691466,0.1298390858208955
frozenset({'Product_20'}),frozenset({'Product_15'}),0.10666666666666667,0.11166666666666666,0.014166666666666666,0.13281249999999997,1.1893656716417909,1.0,0.002255555555555554,1.0243843843843843,0.17822651448639146,0.06938775510204082,0.023803939962476522,0.1298390858208955
frozenset({'Product_26'}),frozenset({'Product_15'}),0.10833333333333334,0.11166666666666666,0.015,0.13846153846153844,1.2399540757749712,1.0,0.0029027777777777767,1.0311011904761904,0.21703011422637586,0.07317073170731707,0.030163082695915697,0.13639494833524685
frozenset({'Product_15'}),frozenset({'Product_26'}),0.11166666666666666,0.10833333333333334,0.015,0.13432835820895522,1.2399540757749712,1.0,0.0029027777777777767,1.0300287356321838,0.217844486137169,0.07317073170731707,0.02915329892593109,0.13639494833524685
frozenset({'Product_15'}),frozenset({'Product_27'}),0.11166666666666666,0.105,0.015,0.13432835820895522,1.279317697228145,1.0,0.003275,1.0338793103448276,0.24577861163227022,0.0743801652892562,0.03276911531726841,0.13859275053304904
frozenset({'Product_27'}),frozenset({'Product_15'}),0.105,0.11166666666666666,0.015,0.14285714285714285,1.279317697228145,1.0,0.003275,1.0363888888888888,0.24394785847299816,0.0743801652892562,0.03511123023318145,0.13859275053304904
frozenset({'Product_15'}),frozenset({'Product_28'}),0.11166666666666666,0.0875,0.010833333333333334,0.09701492537313433,1.1087420042643925,1.0,0.001062500000000001,1.0105371900826445,0.11040554192524184,0.057522123893805316,0.010427315477407492,0.11041222459132907
frozenset({'Product_28'}),frozenset({'Product_15'}),0.0875,0.11166666666666666,0.010833333333333334,0.12380952380952383,1.1087420042643925,1.0,0.001062500000000001,1.0138586956521738,0.10748155953635415,0.057522123893805316,0.01366925757169662,0.11041222459132907
frozenset({'Product_15'}),frozenset({'Product_4'}),0.11166666666666666,0.105,0.014166666666666666,0.12686567164179105,1.2082444918265816,1.0,0.0024416666666666666,1.0250427350427351,0.1940183202737005,0.0699588477366255,0.02443091803552073,0.13089315328121298
frozenset({'Product_4'}),frozenset({'Product_15'}),0.105,0.11166666666666666,0.014166666666666666,0.1349206349206349,1.2082444918265813,1.0,0.0024416666666666666,1.0268807339449542,0.19257311863292803,0.0699588477366255,0.026177074957562756,0.13089315328121298
frozenset({'Product_15'}),frozenset({'Product_7'}),0.11166666666666666,0.085,0.01,0.08955223880597016,1.0535557506584723,1.0,0.0005083333333333329,1.0050000000000001,0.05722326454033766,0.053571428571428575,0.004975124378109455,0.10359964881474978
frozenset({'Product_7'}),frozenset({'Product_15'}),0.085,0.11166666666666666,0.01,0.11764705882352941,1.0535557506584723,1.0,0.0005083333333333329,1.0067777777777778,0.055555555555555504,0.053571428571428575,0.006732148769451497,0.10359964881474978
frozenset({'Product_15'}),frozenset({'Product_8'}),0.11166666666666666,0.10916666666666666,0.013333333333333334,0.11940298507462688,1.0937678022103225,1.0,0.0011430555555555569,1.0116242937853108,0.09650562851782374,0.06425702811244981,0.011490722254024564,0.12077019482738978
frozenset({'Product_8'}),frozenset({'Product_15'}),0.10916666666666666,0.11166666666666666,0.013333333333333334,0.12213740458015268,1.0937678022103225,1.0,0.0011430555555555569,1.011927536231884,0.09623479887745567,0.06425702811244981,0.011786946994543359,0.12077019482738978
frozenset({'Product_16'}),frozenset({'Product_3'}),0.095,0.10166666666666667,0.011666666666666667,0.12280701754385966,1.2079378774805867,1.0,0.002008333333333334,1.0241,0.1902131018153118,0.06306306306306307,0.02353285811932429,0.1187805579522577
frozenset({'Product_3'}),frozenset({'Product_16'}),0.10166666666666667,0.095,0.011666666666666667,0.11475409836065574,1.2079378774805867,1.0,0.002008333333333334,1.022314814814815,0.19162470182878355,0.06306306306306307,0.02182773299519971,0.1187805579522577
frozenset({'Product_16'}),frozenset({'Product_4'}),0.095,0.105,0.014166666666666666,0.14912280701754385,1.4202172096908938,1.0,0.0041916666666666665,1.0518556701030928,0.3269418264543386,0.07623318385650223,0.049299225717926096,0.14202172096908938
frozenset({'Product_4'}),frozenset({'Product_16'}),0.105,0.095,0.014166666666666666,0.1349206349206349,1.4202172096908938,1.0,0.0041916666666666665,1.0461467889908256,0.3305948077555044,0.07623318385650223,0.044111198807331393,0.14202172096908938
frozenset({'Product_16'}),frozenset({'Product_7'}),0.095,0.085,0.0125,0.13157894736842105,1.547987616099071,1.0,0.004425,1.0536363636363637,0.3911602209944751,0.0746268656716418,0.050905953408110424,0.1393188854489164
frozenset({'Product_7'}),frozenset({'Product_16'}),0.085,0.095,0.0125,0.14705882352941177,1.5479876160990713,1.0,0.004425,1.0610344827586207,0.3868852459016393,0.0746268656716418,0.05752356191095223,0.1393188854489164
frozenset({'Product_17'}),frozenset({'Product_19'}),0.0925,0.08916666666666667,0.010833333333333334,0.11711711711711713,1.3134629957059865,1.0,0.0025854166666666664,1.0316581632653061,0.2629794447976266,0.06341463414634146,0.030686679360055393,0.11930622210996043
frozenset({'Product_19'}),frozenset({'Product_17'}),0.08916666666666667,0.0925,0.010833333333333334,0.12149532710280374,1.3134629957059865,1.0,0.0025854166666666664,1.0330053191489361,0.26201703145893446,0.06341463414634146,0.031950773667001366,0.11930622210996043
frozenset({'Product_17'}),frozenset({'Product_25'}),0.0925,0.10166666666666667,0.01,0.10810810810810811,1.0633584404076208,1.0,0.0005958333333333336,1.0072222222222222,0.06565656565656569,0.05429864253393666,0.0071704357418643175,0.10323438192290652
frozenset({'Product_25'}),frozenset({'Product_17'}),0.10166666666666667,0.0925,0.01,0.09836065573770492,1.0633584404076206,1.0,0.0005958333333333336,1.0065,0.06632653061224493,0.05429864253393666,0.0064580228514654735,0.10323438192290652
frozenset({'Product_26'}),frozenset({'Product_17'}),0.10833333333333334,0.0925,0.010833333333333334,0.1,1.0810810810810811,1.0,0.0008125000000000007,1.0083333333333333,0.08411214953271036,0.05701754385964913,0.008264462809917363,0.10855855855855856
frozenset({'Product_17'}),frozenset({'Product_26'}),0.0925,0.10833333333333334,0.010833333333333334,0.11711711711711713,1.0810810810810811,1.0,0.0008125000000000007,1.0099489795918366,0.08264462809917363,0.05701754385964913,0.009850972467794906,0.10855855855855856
frozenset({'Product_17'}),frozenset({'Product_6'}),0.0925,0.10333333333333333,0.01,0.10810810810810811,1.046207497820401,1.0,0.0004416666666666666,1.0053535353535354,0.048668503213957756,0.053811659192825115,0.005325027629860351,0.1024411508282476
frozenset({'Product_6'}),frozenset({'Product_17'}),0.10333333333333333,0.0925,0.01,0.0967741935483871,1.046207497820401,1.0,0.0004416666666666666,1.004732142857143,0.049256505576208164,0.053811659192825115,0.004709855149737846,0.1024411508282476
frozenset({'Product_18'}),frozenset({'Product_20'}),0.1025,0.10666666666666667,0.011666666666666667,0.11382113821138212,1.0670731707317074,1.0,0.0007333333333333341,1.0080733944954128,0.07003581376840437,0.05907172995780591,0.00800873680378595,0.11159806910569106
frozenset({'Product_20'}),frozenset({'Product_18'}),0.10666666666666667,0.1025,0.011666666666666667,0.109375,1.0670731707317074,1.0,0.0007333333333333341,1.007719298245614,0.07036247334754805,0.05907172995780591,0.0076601671309192276,0.11159806910569106
frozenset({'Product_18'}),frozenset({'Product_22'}),0.1025,0.0975,0.014166666666666666,0.13821138211382114,1.4175526370648321,1.0,0.004172916666666667,1.0472405660377357,0.3281992462723251,0.07623318385650223,0.04510956466905389,0.14175526370648323
frozenset({'Product_22'}),frozenset({'Product_18'}),0.0975,0.1025,0.014166666666666666,0.14529914529914528,1.4175526370648321,1.0,0.004172916666666667,1.0500749999999999,0.3263809678996253,0.07623318385650223,0.04768706997119252,0.14175526370648323
frozenset({'Product_18'}),frozenset({'Product_23'}),0.1025,0.08583333333333333,0.011666666666666667,0.11382113821138212,1.326071513142316,1.0,0.0028687500000000015,1.0315825688073395,0.2739753282928772,0.0660377358490566,0.030615647997865588,0.12487173415423476
frozenset({'Product_23'}),frozenset({'Product_18'}),0.08583333333333333,0.1025,0.011666666666666667,0.1359223300970874,1.3260715131423162,1.0,0.0028687500000000015,1.038679775280899,0.26898033598124765,0.0660377358490566,0.03723936501068235,0.12487173415423476
frozenset({'Product_24'}),frozenset({'Product_18'}),0.08916666666666667,0.1025,0.011666666666666667,0.1308411214953271,1.2764987462958741,1.0,0.0025270833333333343,1.0326075268817203,0.23781205071232525,0.06481481481481483,0.031577851248275314,0.1223311298533546
frozenset({'Product_18'}),frozenset({'Product_24'}),0.1025,0.08916666666666667,0.011666666666666667,0.11382113821138212,1.2764987462958741,1.0,0.0025270833333333343,1.0278211009174312,0.2413450059689615,0.06481481481481483,0.02706803829245978,0.1223311298533546
frozenset({'Product_18'}),frozenset({'Product_27'}),0.1025,0.105,0.011666666666666667,0.11382113821138212,1.0840108401084012,1.0,0.0009041666666666677,1.009954128440367,0.08635097493036221,0.059574468085106386,0.00985602034791299,0.11246612466124661
frozenset({'Product_27'}),frozenset({'Product_18'}),0.105,0.1025,0.011666666666666667,0.11111111111111112,1.0840108401084012,1.0,0.0009041666666666677,1.0096875,0.08659217877094982,0.059574468085106386,0.009594552770040251,0.11246612466124661
frozenset({'Product_18'}),frozenset({'Product_3'}),0.1025,0.10166666666666667,0.0175,0.17073170731707318,1.679328268692523,1.0,0.007079166666666669,1.0832843137254902,0.4507229075474202,0.09375000000000001,0.07688130684646366,0.1714314274290284
frozenset({'Product_3'}),frozenset({'Product_18'}),0.10166666666666667,0.1025,0.0175,0.17213114754098363,1.6793282686925233,1.0,0.007079166666666669,1.084108910891089,0.4503047972435729,0.09375000000000001,0.07758345129914612,0.1714314274290284
frozenset({'Product_18'}),frozenset({'Product_4'}),0.1025,0.105,0.0125,0.12195121951219513,1.16144018583043,1.0,0.0017375000000000012,1.0193055555555555,0.15487465181058507,0.06410256410256411,0.018939910069491774,0.1204994192799071
frozenset({'Product_4'}),frozenset({'Product_18'}),0.105,0.1025,0.0125,0.11904761904761905,1.16144018583043,1.0,0.0017375000000000012,1.0187837837837839,0.1553072625698325,0.06410256410256411,0.01843745854887918,0.1204994192799071
frozenset({'Product_18'}),frozenset({'Product_6'}),0.1025,0.10333333333333333,0.0125,0.12195121951219513,1.1801730920535014,1.0,0.0019083333333333348,1.0212037037037038,0.17010213556174572,0.06465517241379312,0.020763441835161857,0.1214594807238395
frozenset({'Product_6'}),frozenset({'Product_18'}),0.10333333333333333,0.1025,0.0125,0.12096774193548387,1.1801730920535012,1.0,0.0019083333333333348,1.0210091743119265,0.17026022304832725,0.06465517241379312,0.020576871237307944,0.1214594807238395
frozenset({'Product_19'}),frozenset({'Product_20'}),0.08916666666666667,0.10666666666666667,0.01,0.11214953271028037,1.0514018691588785,1.0,0.0004888888888888877,1.0061754385964912,0.05367490088441584,0.05381165919282511,0.006137536615985484,0.1029497663551402
frozenset({'Product_20'}),frozenset({'Product_19'}),0.10666666666666667,0.08916666666666667,0.01,0.09375,1.0514018691588785,1.0,0.0004888888888888877,1.0050574712643678,0.05472636815920384,0.05381165919282511,0.005032021957913992,0.1029497663551402
frozenset({'Product_19'}),frozenset({'Product_25'}),0.08916666666666667,0.10166666666666667,0.01,0.11214953271028037,1.1031101578060365,1.0,0.0009347222222222222,1.0118070175438596,0.10262275083867031,0.05529953917050691,0.011669238638531025,0.10525509422399265
frozenset({'Product_25'}),frozenset({'Product_19'}),0.10166666666666667,0.08916666666666667,0.01,0.09836065573770492,1.1031101578060363,1.0,0.0009347222222222222,1.0101969696969697,0.10405071119356835,0.05529953917050691,0.010094041066098713,0.10525509422399265
frozenset({'Product_26'}),frozenset({'Product_19'}),0.10833333333333334,0.08916666666666667,0.015,0.13846153846153844,1.552839683680805,1.0,0.005340277777777777,1.057217261904762,0.39927310488058154,0.0821917808219178,0.05412062777113094,0.1533429187634795
frozenset({'Product_19'}),frozenset({'Product_26'}),0.08916666666666667,0.10833333333333334,0.015,0.16822429906542055,1.552839683680805,1.0,0.005340277777777777,1.072003745318352,0.39087120056927915,0.0821917808219178,0.06716743820420996,0.1533429187634795
frozenset({'Product_27'}),frozenset({'Product_19'}),0.105,0.08916666666666667,0.015,0.14285714285714285,1.6021361815754338,1.0,0.005637499999999998,1.062638888888889,0.41992551210428297,0.08372093023255815,0.058946542935563964,0.1555407209612817
frozenset({'Product_19'}),frozenset({'Product_27'}),0.08916666666666667,0.105,0.015,0.16822429906542055,1.6021361815754338,1.0,0.005637499999999998,1.0760112359550562,0.4126258005489477,0.08372093023255815,0.07064167493343079,0.1555407209612817
frozenset({'Product_19'}),frozenset({'Product_28'}),0.08916666666666667,0.0875,0.01,0.11214953271028037,1.2817089452603472,1.0,0.0021979166666666666,1.0277631578947368,0.2413083257090576,0.060000000000000005,0.027013186531814115,0.11321762349799733
frozenset({'Product_28'}),frozenset({'Product_19'}),0.0875,0.08916666666666667,0.01,0.1142857142857143,1.2817089452603472,1.0,0.0021979166666666666,1.0283602150537636,0.2408675799086758,0.060000000000000005,0.027578094366749448,0.11321762349799733
frozenset({'Product_4'}),frozenset({'Product_19'}),0.105,0.08916666666666667,0.01,0.09523809523809525,1.0680907877169559,1.0,0.0006374999999999992,1.0067105263157896,0.07122905027932952,0.05429864253393666,0.0066657953208730915,0.10369381397418781
frozenset({'Product_19'}),frozenset({'Product_4'}),0.08916666666666667,0.105,0.01,0.11214953271028037,1.0680907877169559,1.0,0.0006374999999999992,1.0080526315789473,0.06999085086916733,0.05429864253393666,0.007988304704223884,0.10369381397418781
frozenset({'Product_6'}),frozenset({'Product_19'}),0.10333333333333333,0.08916666666666667,0.013333333333333334,0.12903225806451613,1.4470907446487788,1.0,0.004119444444444445,1.0457716049382717,0.3445631970260223,0.07441860465116279,0.04376826137000855,0.139282484172445
frozenset({'Product_19'}),frozenset({'Product_6'}),0.08916666666666667,0.10333333333333333,0.013333333333333334,0.14953271028037382,1.4470907446487788,1.0,0.004119444444444445,1.0543223443223444,0.3392040256175663,0.07441860465116279,0.051523468714171544,0.139282484172445
frozenset({'Product_2'}),frozenset({'Product_20'}),0.095,0.10666666666666667,0.011666666666666667,0.12280701754385966,1.1513157894736843,1.0,0.0015333333333333327,1.0184,0.14522494080505122,0.06140350877192983,0.018067556952081697,0.11609100877192982
frozenset({'Product_20'}),frozenset({'Product_2'}),0.10666666666666667,0.095,0.011666666666666667,0.109375,1.1513157894736843,1.0,0.0015333333333333327,1.0161403508771931,0.14712153518123663,0.06140350877192983,0.015883977900552484,0.11609100877192982
frozenset({'Product_2'}),frozenset({'Product_22'}),0.095,0.0975,0.0125,0.13157894736842105,1.3495276653171389,1.0,0.003237500000000001,1.039242424242424,0.2861878453038674,0.06944444444444445,0.03776060650240559,0.12989203778677463
frozenset({'Product_22'}),frozenset({'Product_2'}),0.0975,0.095,0.0125,0.12820512820512822,1.349527665317139,1.0,0.003237500000000001,1.0380882352941176,0.28698060941828263,0.06944444444444445,0.03669074939793173,0.12989203778677463
frozenset({'Product_2'}),frozenset({'Product_26'}),0.095,0.10833333333333334,0.010833333333333334,0.11403508771929825,1.0526315789473684,1.0,0.000541666666666666,1.0064356435643564,0.055248618784530315,0.05627705627705628,0.00639449090014757,0.10701754385964912
frozenset({'Product_26'}),frozenset({'Product_2'}),0.10833333333333334,0.095,0.010833333333333334,0.1,1.0526315789473684,1.0,0.000541666666666666,1.0055555555555555,0.05607476635514012,0.05627705627705628,0.005524861878453044,0.10701754385964912
frozenset({'Product_2'}),frozenset({'Product_28'}),0.095,0.0875,0.01,0.10526315789473684,1.2030075187969924,1.0,0.0016875000000000015,1.0198529411764705,0.18646408839779022,0.05797101449275363,0.01946647440519106,0.10977443609022557
frozenset({'Product_28'}),frozenset({'Product_2'}),0.0875,0.095,0.01,0.1142857142857143,1.2030075187969926,1.0,0.0016875000000000015,1.0217741935483873,0.18493150684931525,0.05797101449275363,0.021310181531176017,0.10977443609022557
frozenset({'Product_2'}),frozenset({'Product_4'}),0.095,0.105,0.0125,0.13157894736842105,1.2531328320802004,1.0,0.002525000000000001,1.0306060606060605,0.22320441988950285,0.06666666666666667,0.029697147897677148,0.12531328320802004
frozenset({'Product_4'}),frozenset({'Product_2'}),0.105,0.095,0.0125,0.11904761904761905,1.2531328320802007,1.0,0.002525000000000001,1.0272972972972974,0.22569832402234646,0.06666666666666667,0.026571954748750334,0.12531328320802004
frozenset({'Product_2'}),frozenset({'Product_6'}),0.095,0.10333333333333333,0.010833333333333334,0.11403508771929825,1.1035653650254669,1.0,0.0010166666666666675,1.012079207920792,0.10369740756481095,0.05777777777777778,0.011935042066131881,0.1094368986983588
frozenset({'Product_6'}),frozenset({'Product_2'}),0.10333333333333333,0.095,0.010833333333333334,0.10483870967741936,1.1035653650254669,1.0,0.0010166666666666675,1.010990990990991,0.10466113811838726,0.05777777777777778,0.01087150240598824,0.1094368986983588
frozenset({'Product_2'}),frozenset({'Product_8'}),0.095,0.10916666666666666,0.011666666666666667,0.12280701754385966,1.124949779027722,1.0,0.0012958333333333346,1.0155500000000002,0.12273086029992118,0.06060606060606061,0.015311899955689049,0.11483862327574662
frozenset({'Product_8'}),frozenset({'Product_2'}),0.10916666666666666,0.095,0.011666666666666667,0.1068702290076336,1.124949779027722,1.0,0.0012958333333333346,1.0132905982905982,0.12468261392489655,0.06060606060606061,0.013116275146556462,0.11483862327574662
frozenset({'Product_9'}),frozenset({'Product_2'}),0.09833333333333333,0.095,0.015,0.15254237288135594,1.6057091882247994,1.0,0.005658333333333333,1.0679,0.4183610597658657,0.08411214953271028,0.06358273246558667,0.15521855486173058
frozenset({'Product_2'}),frozenset({'Product_9'}),0.095,0.09833333333333333,0.015,0.15789473684210525,1.6057091882247994,1.0,0.005658333333333333,1.0707291666666667,0.4168201350521792,0.08411214953271028,0.06605700943671564,0.15521855486173058
frozenset({'Product_23'}),frozenset({'Product_20'}),0.08583333333333333,0.10666666666666667,0.01,0.11650485436893204,1.0922330097087378,1.0,0.0008444444444444445,1.011135531135531,0.09237313886356731,0.05479452054794521,0.011012896681640339,0.10512742718446602
frozenset({'Product_20'}),frozenset({'Product_23'}),0.10666666666666667,0.08583333333333333,0.01,0.09375,1.0922330097087378,1.0,0.0008444444444444445,1.008735632183908,0.09452736318407962,0.05479452054794521,0.008659981768459437,0.10512742718446602
frozenset({'Product_24'}),frozenset({'Product_20'}),0.08916666666666667,0.10666666666666667,0.010833333333333334,0.12149532710280374,1.139018691588785,1.0,0.0013222222222222212,1.0168794326241135,0.133999577732423,0.05855855855855855,0.01659924675686985,0.11152891355140188
frozenset({'Product_20'}),frozenset({'Product_24'}),0.10666666666666667,0.08916666666666667,0.010833333333333334,0.1015625,1.139018691588785,1.0,0.0013222222222222212,1.0137971014492755,0.13662456946039023,0.05855855855855855,0.013609332113449215,0.11152891355140188
frozenset({'Product_20'}),frozenset({'Product_25'}),0.10666666666666667,0.10166666666666667,0.013333333333333334,0.125,1.2295081967213115,1.0,0.0024888888888888894,1.0266666666666666,0.20895522388059704,0.06837606837606838,0.025974025974025972,0.1280737704918033
frozenset({'Product_25'}),frozenset({'Product_20'}),0.10166666666666667,0.10666666666666667,0.013333333333333334,0.13114754098360656,1.2295081967213115,1.0,0.0024888888888888894,1.028176100628931,0.20779220779220783,0.06837606837606838,0.027403963787619282,0.1280737704918033
frozenset({'Product_27'}),frozenset({'Product_20'}),0.105,0.10666666666666667,0.015,0.14285714285714285,1.3392857142857142,1.0,0.0037999999999999996,1.0422222222222222,0.28305400372439476,0.07627118644067797,0.040511727078891245,0.1417410714285714
frozenset({'Product_20'}),frozenset({'Product_27'}),0.10666666666666667,0.105,0.015,0.14062499999999997,1.339285714285714,1.0,0.0037999999999999996,1.0414545454545454,0.2835820895522388,0.07627118644067797,0.03980446927374299,0.1417410714285714
frozenset({'Product_29'}),frozenset({'Product_20'}),0.09583333333333334,0.10666666666666667,0.0125,0.13043478260869565,1.2228260869565217,1.0,0.002277777777777778,1.0273333333333334,0.20153609831029184,0.06578947368421052,0.026606099935107062,0.12381114130434782
frozenset({'Product_20'}),frozenset({'Product_29'}),0.10666666666666667,0.09583333333333334,0.0125,0.1171875,1.2228260869565217,1.0,0.002277777777777778,1.024188790560472,0.20398009950248758,0.06578947368421052,0.02361751152073732,0.12381114130434782
frozenset({'Product_3'}),frozenset({'Product_20'}),0.10166666666666667,0.10666666666666667,0.011666666666666667,0.11475409836065574,1.0758196721311475,1.0,0.0008222222222222225,1.0091358024691357,0.07845216008481316,0.05932203389830508,0.009053095179838508,0.11206454918032788
frozenset({'Product_20'}),frozenset({'Product_3'}),0.10666666666666667,0.10166666666666667,0.011666666666666667,0.109375,1.0758196721311475,1.0,0.0008222222222222225,1.008654970760234,0.07889125799573564,0.05932203389830508,0.008580705009276435,0.11206454918032788
frozenset({'Product_7'}),frozenset({'Product_20'}),0.085,0.10666666666666667,0.010833333333333334,0.12745098039215685,1.1948529411764703,1.0,0.0017666666666666664,1.023820224719101,0.17822614543926013,0.059907834101382486,0.02326602282704125,0.11450674019607843
frozenset({'Product_20'}),frozenset({'Product_7'}),0.10666666666666667,0.085,0.010833333333333334,0.1015625,1.1948529411764706,1.0,0.0017666666666666664,1.0184347826086957,0.18254879448909295,0.059907834101382486,0.018101092896174856,0.11450674019607843
frozenset({'Product_21'}),frozenset({'Product_30'}),0.0925,0.08833333333333333,0.01,0.10810810810810811,1.2238653748087711,1.0,0.0018291666666666664,1.022171717171717,0.2015610651974288,0.05853658536585366,0.02169079499975296,0.11065782763895972
frozenset({'Product_30'}),frozenset({'Product_21'}),0.08833333333333333,0.0925,0.01,0.11320754716981132,1.2238653748087711,1.0,0.0018291666666666664,1.0233510638297871,0.20063985374771479,0.05853658536585366,0.022818233795935346,0.11065782763895972
frozenset({'Product_5'}),frozenset({'Product_21'}),0.09166666666666666,0.0925,0.011666666666666667,0.1272727272727273,1.3759213759213762,1.0,0.003187500000000001,1.03984375,0.30078636959370914,0.0676328502415459,0.03831705484598048,0.12669942669942671
frozenset({'Product_21'}),frozenset({'Product_5'}),0.0925,0.09166666666666666,0.011666666666666667,0.12612612612612614,1.3759213759213762,1.0,0.003187500000000001,1.0394329896907217,0.30106257378984663,0.0676328502415459,0.03793701958839576,0.12669942669942671
frozenset({'Product_22'}),frozenset({'Product_23'}),0.0975,0.08583333333333333,0.01,0.10256410256410256,1.1949215832710978,1.0,0.0016312500000000008,1.0186428571428572,0.1807479224376732,0.05769230769230769,0.018301661875043826,0.1095344784665173
frozenset({'Product_23'}),frozenset({'Product_22'}),0.08583333333333333,0.0975,0.01,0.11650485436893204,1.1949215832710978,1.0,0.0016312500000000008,1.021510989010989,0.17844120328167737,0.05769230769230769,0.021058010381088132,0.1095344784665173
frozenset({'Product_22'}),frozenset({'Product_26'}),0.0975,0.10833333333333334,0.011666666666666667,0.11965811965811966,1.1045364891518739,1.0,0.0011041666666666665,1.012864077669903,0.10486743173723781,0.060085836909871244,0.0127006949436856,0.11367521367521369
frozenset({'Product_26'}),frozenset({'Product_22'}),0.10833333333333334,0.0975,0.011666666666666667,0.1076923076923077,1.1045364891518739,1.0,0.0011041666666666665,1.0114224137931034,0.10614152202937248,0.060085836909871244,0.011293415725548693,0.11367521367521369
frozenset({'Product_5'}),frozenset({'Product_22'}),0.09166666666666666,0.0975,0.011666666666666667,0.1272727272727273,1.3053613053613056,1.0,0.002729166666666668,1.0341145833333334,0.25753604193971175,0.06572769953051644,0.032989171493326634,0.12346542346542347
frozenset({'Product_22'}),frozenset({'Product_5'}),0.0975,0.09166666666666666,0.011666666666666667,0.11965811965811966,1.3053613053613056,1.0,0.002729166666666668,1.0317961165048544,0.2592006331618521,0.06572769953051644,0.030816278522700555,0.12346542346542347
frozenset({'Product_22'}),frozenset({'Product_8'}),0.0975,0.10916666666666666,0.013333333333333334,0.13675213675213677,1.252691329027207,1.0,0.0026895833333333338,1.0319554455445545,0.22351108033241002,0.06896551724137931,0.030965915905111434,0.12944477066614474
frozenset({'Product_8'}),frozenset({'Product_22'}),0.10916666666666666,0.0975,0.013333333333333334,0.12213740458015268,1.252691329027207,1.0,0.0026895833333333338,1.0280652173913043,0.22643826005612724,0.06896551724137931,0.02729906324670657,0.12944477066614474
frozenset({'Product_26'}),frozenset({'Product_23'}),0.10833333333333334,0.08583333333333333,0.01,0.09230769230769231,1.0754294249439882,1.0,0.0007013888888888885,1.007132768361582,0.07866043613707162,0.05429864253393666,0.007082252296472906,0.10440627333831218
frozenset({'Product_23'}),frozenset({'Product_26'}),0.08583333333333333,0.10833333333333334,0.01,0.11650485436893204,1.075429424943988,1.0,0.0007013888888888885,1.0092490842490842,0.07672439987845635,0.05429864253393666,0.009164322656746212,0.10440627333831218
frozenset({'Product_29'}),frozenset({'Product_23'}),0.09583333333333334,0.08583333333333333,0.01,0.10434782608695652,1.2157028281975517,1.0,0.001774305555555555,1.0206715210355988,0.19623655913978488,0.05825242718446602,0.020252863540882245,0.11042634022794429
frozenset({'Product_23'}),frozenset({'Product_29'}),0.08583333333333333,0.09583333333333334,0.01,0.11650485436893204,1.2157028281975517,1.0,0.001774305555555555,1.0233974358974358,0.19408994226678813,0.05825242718446602,0.022862511744440962,0.11042634022794429
frozenset({'Product_4'}),frozenset({'Product_23'}),0.105,0.08583333333333333,0.014166666666666666,0.1349206349206349,1.5718908922792418,1.0,0.005154166666666666,1.056743119266055,0.40650673677292143,0.08018867924528301,0.0536962278074402,0.14998458930497766
frozenset({'Product_23'}),frozenset({'Product_4'}),0.08583333333333333,0.105,0.014166666666666666,0.1650485436893204,1.571890892279242,1.0,0.005154166666666666,1.0719186046511628,0.39798380610220385,0.08018867924528301,0.0670933449042686,0.14998458930497766
frozenset({'Product_24'}),frozenset({'Product_4'}),0.08916666666666667,0.105,0.010833333333333334,0.12149532710280374,1.1570983533600356,1.0,0.0014708333333333327,1.0187765957446808,0.14906045464142437,0.0590909090909091,0.01843053307575837,0.11233496513870346
frozenset({'Product_4'}),frozenset({'Product_24'}),0.105,0.08916666666666667,0.010833333333333334,0.10317460317460318,1.1570983533600356,1.0,0.0014708333333333327,1.0156194690265488,0.15169746454662647,0.0590909090909091,0.015379253256654906,0.11233496513870346
frozenset({'Product_24'}),frozenset({'Product_6'}),0.08916666666666667,0.10333333333333333,0.011666666666666667,0.1308411214953271,1.2662044015676814,1.0,0.0024527777777777777,1.0316487455197134,0.23081950071886023,0.06451612903225806,0.030677830663933557,0.12187217365088936
frozenset({'Product_6'}),frozenset({'Product_24'}),0.10333333333333333,0.08916666666666667,0.011666666666666667,0.11290322580645162,1.2662044015676817,1.0,0.0024527777777777777,1.0267575757575758,0.23446627721720656,0.06451612903225806,0.026060266210193906,0.12187217365088936
frozenset({'Product_24'}),frozenset({'Product_7'}),0.08916666666666667,0.085,0.01,0.11214953271028037,1.319406267179769,1.0,0.002420833333333332,1.030578947368421,0.26578225068618466,0.06091370558375634,0.029671620448393842,0.11489829576690488
frozenset({'Product_7'}),frozenset({'Product_24'}),0.085,0.08916666666666667,0.01,0.11764705882352941,1.319406267179769,1.0,0.002420833333333332,1.0322777777777778,0.2645719489981784,0.06091370558375634,0.03126850008072762,0.11489829576690488
frozenset({'Product_26'}),frozenset({'Product_25'}),0.10833333333333334,0.10166666666666667,0.011666666666666667,0.1076923076923077,1.059268600252207,1.0,0.0006527777777777782,1.0067528735632185,0.06275033377837119,0.0588235294117647,0.006707578136149569,0.11122320302648173
frozenset({'Product_25'}),frozenset({'Product_26'}),0.10166666666666667,0.10833333333333334,0.011666666666666667,0.11475409836065574,1.0592686002522067,1.0,0.0006527777777777782,1.007253086419753,0.06228465412138885,0.0588235294117647,0.007200857974567182,0.11122320302648173
frozenset({'Product_30'}),frozenset({'Product_25'}),0.08833333333333333,0.10166666666666667,0.010833333333333334,0.12264150943396226,1.2063099288586452,1.0,0.0018527777777777778,1.0239068100358422,0.1875966811981437,0.06046511627906977,0.02334861903595057,0.1145994432415713
frozenset({'Product_25'}),frozenset({'Product_30'}),0.10166666666666667,0.08833333333333333,0.010833333333333334,0.10655737704918034,1.2063099288586454,1.0,0.0018527777777777778,1.0203975535168195,0.19038104752390467,0.06046511627906977,0.019989810291605487,0.1145994432415713
frozenset({'Product_4'}),frozenset({'Product_25'}),0.105,0.10166666666666667,0.011666666666666667,0.11111111111111112,1.092896174863388,1.0,0.0009916666666666667,1.010625,0.09497206703910616,0.05982905982905983,0.010513296227581948,0.11293260473588343
frozenset({'Product_25'}),frozenset({'Product_4'}),0.10166666666666667,0.105,0.011666666666666667,0.11475409836065574,1.092896174863388,1.0,0.0009916666666666667,1.0110185185185185,0.09461966604823749,0.05982905982905983,0.010898433922520384,0.11293260473588343
frozenset({'Product_5'}),frozenset({'Product_25'}),0.09166666666666666,0.10166666666666667,0.010833333333333334,0.1181818181818182,1.1624441132637855,1.0,0.0015138888888888893,1.0187285223367697,0.15384615384615388,0.05936073059360731,0.018384213189408007,0.11236959761549926
frozenset({'Product_25'}),frozenset({'Product_5'}),0.10166666666666667,0.09166666666666666,0.010833333333333334,0.10655737704918034,1.1624441132637855,1.0,0.0015138888888888893,1.0166666666666666,0.15555872698729847,0.05936073059360731,0.016393442622950834,0.11236959761549926
frozenset({'Product_7'}),frozenset({'Product_25'}),0.085,0.10166666666666667,0.010833333333333334,0.12745098039215685,1.253616200578592,1.0,0.0021916666666666664,1.0295505617977527,0.22110130306851614,0.061611374407582936,0.02870239004692785,0.1170041787206686
frozenset({'Product_25'}),frozenset({'Product_7'}),0.10166666666666667,0.085,0.010833333333333334,0.10655737704918034,1.253616200578592,1.0,0.0021916666666666664,1.0241284403669726,0.2252033680605109,0.061611374407582936,0.02355997491713697,0.1170041787206686
frozenset({'Product_8'}),frozenset({'Product_25'}),0.10916666666666666,0.10166666666666667,0.013333333333333334,0.12213740458015268,1.201351520460518,1.0,0.002234722222222223,1.02331884057971,0.18814312441534148,0.06751054852320676,0.022787463354529882,0.12664247278187962
frozenset({'Product_25'}),frozenset({'Product_8'}),0.10166666666666667,0.10916666666666666,0.013333333333333334,0.13114754098360656,1.2013515204605183,1.0,0.002234722222222223,1.0252987421383648,0.18657235621521343,0.06751054852320676,0.02467450812004479,0.12664247278187962
frozenset({'Product_3'}),frozenset({'Product_26'}),0.10166666666666667,0.10833333333333334,0.014166666666666666,0.13934426229508196,1.2862547288776796,1.0,0.003152777777777777,1.036031746031746,0.24773545781949138,0.07234042553191489,0.03477861191971808,0.13505674653215635
frozenset({'Product_26'}),frozenset({'Product_3'}),0.10833333333333334,0.10166666666666667,0.014166666666666666,0.13076923076923075,1.2862547288776796,1.0,0.003152777777777777,1.033480825958702,0.2495876855415063,0.07234042553191489,0.03239617525331809,0.13505674653215635
frozenset({'Product_26'}),frozenset({'Product_6'}),0.10833333333333334,0.10333333333333333,0.011666666666666667,0.1076923076923077,1.0421836228287842,1.0,0.00047222222222222283,1.0048850574712644,0.045393858477970686,0.058333333333333334,0.004861309694023456,0.11029776674937966
frozenset({'Product_6'}),frozenset({'Product_26'}),0.10333333333333333,0.10833333333333334,0.011666666666666667,0.11290322580645162,1.0421836228287842,1.0,0.00047222222222222283,1.0051515151515151,0.045140732873074935,0.058333333333333334,0.005125113053964434,0.11029776674937966
frozenset({'Product_30'}),frozenset({'Product_27'}),0.08833333333333333,0.105,0.011666666666666667,0.1320754716981132,1.2578616352201257,1.0,0.002391666666666667,1.031195652173913,0.22486288848263256,0.06422018348623854,0.030251923685042693,0.12159329140461217
frozenset({'Product_27'}),frozenset({'Product_30'}),0.105,0.08833333333333333,0.011666666666666667,0.11111111111111112,1.257861635220126,1.0,0.002391666666666667,1.025625,0.22905027932960897,0.06422018348623854,0.024984765386959183,0.12159329140461217
frozenset({'Product_5'}),frozenset({'Product_27'}),0.09166666666666666,0.105,0.01,0.1090909090909091,1.038961038961039,1.0,0.00037500000000000207,1.004591836734694,0.041284403669724995,0.053571428571428575,0.004570848146267154,0.10216450216450218
frozenset({'Product_27'}),frozenset({'Product_5'}),0.105,0.09166666666666666,0.01,0.09523809523809525,1.038961038961039,1.0,0.00037500000000000207,1.0039473684210527,0.041899441340782356,0.053571428571428575,0.003931847968545233,0.10216450216450218
frozenset({'Product_6'}),frozenset({'Product_27'}),0.10333333333333333,0.105,0.0125,0.12096774193548387,1.1520737327188941,1.0,0.0016500000000000004,1.018165137614679,0.1472118959107807,0.06382978723404256,0.017841052441881427,0.12000768049155147
frozenset({'Product_27'}),frozenset({'Product_6'}),0.105,0.10333333333333333,0.0125,0.11904761904761905,1.1520737327188941,1.0,0.0016500000000000004,1.0178378378378379,0.14748603351955308,0.06382978723404256,0.017525225703664372,0.12000768049155147
frozenset({'Product_30'}),frozenset({'Product_28'}),0.08833333333333333,0.0875,0.010833333333333334,0.12264150943396226,1.4016172506738545,1.0,0.0031041666666666674,1.0400537634408602,0.31430178596540576,0.06565656565656565,0.03851124321530112,0.12322551662174305
frozenset({'Product_28'}),frozenset({'Product_30'}),0.0875,0.08833333333333333,0.010833333333333334,0.12380952380952383,1.4016172506738547,1.0,0.0031041666666666674,1.0404891304347825,0.3140147523709168,0.06565656565656565,0.038913554452859773,0.12322551662174305
frozenset({'Product_4'}),frozenset({'Product_28'}),0.105,0.0875,0.01,0.09523809523809525,1.08843537414966,1.0,0.0008125000000000007,1.0085526315789473,0.09078212290502802,0.05479452054794521,0.008480104370515345,0.10476190476190478
frozenset({'Product_28'}),frozenset({'Product_4'}),0.0875,0.105,0.01,0.1142857142857143,1.08843537414966,1.0,0.0008125000000000007,1.010483870967742,0.08904109589041104,0.05479452054794521,0.010375099760574637,0.10476190476190478
frozenset({'Product_28'}),frozenset({'Product_8'}),0.0875,0.10916666666666666,0.010833333333333334,0.12380952380952383,1.1341330425299894,1.0,0.0012812500000000011,1.016711956521739,0.12961011591148588,0.05829596412556055,0.01643725778431113,0.11152308251544894
frozenset({'Product_8'}),frozenset({'Product_28'}),0.10916666666666666,0.0875,0.010833333333333334,0.09923664122137406,1.1341330425299894,1.0,0.0012812500000000011,1.0130296610169491,0.13276246671943598,0.05829596412556055,0.012862072571368838,0.11152308251544894
frozenset({'Product_9'}),frozenset({'Product_29'}),0.09833333333333333,0.09583333333333334,0.01,0.1016949152542373,1.0611643330876934,1.0,0.0005763888888888884,1.0065251572327043,0.06392483056069004,0.05429864253393666,0.006482855580723268,0.10302137067059691
frozenset({'Product_29'}),frozenset({'Product_9'}),0.09583333333333334,0.09833333333333333,0.01,0.10434782608695652,1.0611643330876934,1.0,0.0005763888888888884,1.0067152103559869,0.06374807987711209,0.05429864253393666,0.006670417101985052,0.10302137067059691
frozenset({'Product_3'}),frozenset({'Product_4'}),0.10166666666666667,0.105,0.010833333333333334,0.10655737704918034,1.014832162373146,1.0,0.00015833333333333324,1.001743119266055,0.016269444840873403,0.055319148936170216,0.0017400860884696525,0.10486599011189177
frozenset({'Product_4'}),frozenset({'Product_3'}),0.105,0.10166666666666667,0.010833333333333334,0.10317460317460318,1.014832162373146,1.0,0.00015833333333333324,1.0016814159292036,0.01633003867640738,0.055319148936170216,0.0016785935153282156,0.10486599011189177
frozenset({'Product_3'}),frozenset({'Product_7'}),0.10166666666666667,0.085,0.010833333333333334,0.10655737704918034,1.253616200578592,1.0,0.0021916666666666664,1.0241284403669726,0.2252033680605109,0.061611374407582936,0.02355997491713697,0.1170041787206686
frozenset({'Product_7'}),frozenset({'Product_3'}),0.085,0.10166666666666667,0.010833333333333334,0.12745098039215685,1.253616200578592,1.0,0.0021916666666666664,1.0295505617977527,0.22110130306851614,0.061611374407582936,0.02870239004692785,0.1170041787206686
frozenset({'Product_30'}),frozenset({'Product_6'}),0.08833333333333333,0.10333333333333333,0.0125,0.14150943396226415,1.3694461351186853,1.0,0.0033722222222222226,1.0444688644688644,0.2959171237050579,0.06976744186046513,0.04257557690958827,0.131238587948874
frozenset({'Product_6'}),frozenset({'Product_30'}),0.10333333333333333,0.08833333333333333,0.0125,0.12096774193548387,1.3694461351186853,1.0,0.0033722222222222226,1.0371253822629969,0.3008674101610905,0.06976744186046513,0.035796426254644104,0.131238587948874
frozenset({'Product_30'}),frozenset({'Product_8'}),0.08833333333333333,0.10916666666666666,0.01,0.11320754716981132,1.0370156992654473,1.0,0.00035694444444444445,1.0045567375886524,0.03915295551492992,0.05333333333333334,0.004536067917468282,0.10240530030246292
frozenset({'Product_8'}),frozenset({'Product_30'}),0.10916666666666666,0.08833333333333333,0.01,0.0916030534351145,1.0370156992654471,1.0,0.00035694444444444445,1.0035994397759103,0.040068599937636416,0.05333333333333334,0.003586530276176787,0.10240530030246292
frozenset({'Product_9'}),frozenset({'Product_30'}),0.09833333333333333,0.08833333333333333,0.0125,0.12711864406779663,1.4390789894467544,1.0,0.0038138888888888892,1.0444336569579287,0.3383857054836722,0.07177033492822968,0.04254330245096523,0.1343140390150304
frozenset({'Product_30'}),frozenset({'Product_9'}),0.08833333333333333,0.09833333333333333,0.0125,0.14150943396226415,1.4390789894467542,1.0,0.0038138888888888892,1.0502930402930402,0.3346739792809263,0.07177033492822968,0.047884769643915887,0.1343140390150304
frozenset({'Product_5'}),frozenset({'Product_8'}),0.09166666666666666,0.10916666666666666,0.011666666666666667,0.1272727272727273,1.1658570437196394,1.0,0.0016597222222222239,1.0207465277777779,0.15661861074705125,0.061674008810572695,0.02032485755591464,0.11707147814018044
frozenset({'Product_8'}),frozenset({'Product_5'}),0.10916666666666666,0.09166666666666666,0.011666666666666667,0.1068702290076336,1.1658570437196394,1.0,0.0016597222222222239,1.0170227920227919,0.15969530936790072,0.061674008810572695,0.016737866797394797,0.11707147814018044
frozenset({'Product_9'}),frozenset({'Product_7'}),0.09833333333333333,0.085,0.01,0.1016949152542373,1.1964107676969093,1.0,0.0016416666666666663,1.0185849056603773,0.1820702402957486,0.05769230769230769,0.018245809021024358,0.10967098703888335
frozenset({'Product_7'}),frozenset({'Product_9'}),0.085,0.09833333333333333,0.01,0.11764705882352941,1.1964107676969093,1.0,0.0016416666666666663,1.0218888888888888,0.17941712204007282,0.05769230769230769,0.021420028270088078,0.10967098703888335
frozenset({'Product_9'}),frozenset({'Product_8'}),0.09833333333333333,0.10916666666666666,0.0125,0.12711864406779663,1.1644455945141676,1.0,0.0017652777777777788,1.0205663430420713,0.15662353666050532,0.06410256410256411,0.02015189231183907,0.12081123043084488
frozenset({'Product_8'}),frozenset({'Product_9'}),0.10916666666666666,0.09833333333333333,0.0125,0.11450381679389314,1.1644455945141676,1.0,0.0017652777777777788,1.0182614942528734,0.1585282195198005,0.06410256410256411,0.017933992747386114,0.12081123043084488
